{"cameraMode":{"drawMode":0,"name":"Shaded","section":"Shading Mode"},"sceneLighting":true,"audioPlay":false,"sceneViewState":{"m_AlwaysRefresh":false,"showFog":true,"showSkybox":true,"showFlares":true,"showImageEffects":true,"showParticleSystems":true,"showVisualEffectGraphs":true,"m_FxEnabled":true},"in2DMode":false,"pivot":{"x":-11.184317588806153,"y":-0.3729255795478821,"z":27.620521545410158},"rotation":{"x":0.05660019814968109,"y":0.03677380084991455,"z":-0.002087492262944579,"w":0.9977337121963501},"size":17.50271224975586,"orthographic":false}